,pathway,pval,padj,log2err,ES,NES,size,leadingEdge
1,INTERFERON_ALPHA_BETA_SIGNALING,4.76608477185509e-09,2.5260249290832e-07,0.761460801445585,-0.735922849493604,-2.40704493775099,48,Oas3, Xaf1, Gbp2, Irf7, Adar, Usp18, Irf9, Isg15, Mx2, H2-T23, Oasl1, Irf5, Rsad2, Ifi35, Bst2, Ifnar1, Isg20, Egr1, Ifit2, Ifitm2, Ptpn1, Ifit3, Stat2, Ptpn6, Ifit1bl1, Psmb8, Irf3, Ptpn11, Ifitm3, Tyk2, Irf1, Oas2, Ifitm1
2,INTERFERON_SIGNALING,1.23565638370616e-10,6.98557742255216e-09,0.826657301178302,-0.567125764590415,-2.29553616491511,154,Oas3, Xaf1, Gbp7, Gbp2, Irf7, Uba7, Trim25, Eif2ak2, Herc6, Adar, Gbp5, Gbp9, Usp18, Irf9, Isg15, Mx2, Trim34a, Gbp3, Trim12c, H2-T23, Sp100, Oasl1, Irf5, Rsad2, Ifi35, Trim8, B2m, Flnb, Bst2, Eif4g3, Trim14, Ifnar1, Eif4g1, Isg20, Nup85, H2-Eb1, Ifngr1, Egr1, Flna, Ifit2, Ifitm2, Ptpn1, Ifit3, Stat2, Trim21, Ptpn6, Nup214, Ifit1bl1, Psmb8, Irf3, Ptpn11, Ifitm3, Tyk2, Irf1, Oas2, Ifitm1, Nup210, Ddx58, Kpna2, Trim26, Pom121
3,INTERFERON_GAMMA_SIGNALING,2.57323044223238e-06,9.91863370460481e-05,0.627256739718528,-0.612602029017564,-2.12874950221889,65,Oas3, Gbp7, Gbp2, Irf7, Trim25, Gbp5, Gbp9, Irf9, Trim34a, Gbp3, Trim12c, H2-T23, Sp100, Oasl1, Irf5, Trim8, B2m, Trim14, H2-Eb1, Ifngr1, Ptpn1, Trim21, Ptpn6, Irf3, Ptpn11, Irf1, Oas2
4,IMMUNOREGULATORY_INTERACTIONS_BETWEEN_A_LYMPHOID_AND_A_NON_LYMPHOID_CELL,9.28082276872993e-06,0.000314805508315319,0.593325476396405,-0.624074796662844,-2.10705058878995,54,Slamf6, Sell, Itga4, H2-T23, Cd200, B2m, Crtam, Itgb1, Itgal, Icam5, Siglecf, Cd226, Klrc1, Cd160, Cd3e, Cd40lg, Klrd1, Cd96, Siglecg, Ifitm1, Cd3g, Clec2d, Cd22, Cd81, Lilr4b
5,DDX58_IFIH1_MEDIATED_INDUCTION_OF_INTERFERON_ALPHA_BETA,0.000120998129206012,0.0034202137855566,0.538434096309916,-0.566179489610327,-1.96032217657816,61,Nlrc5, Irf7, Ifih1, Uba7, Trim25, Herc6, Isg15, Dhx58, Ikbke, Nfkb1, Ripk1, Otud5, Ikbkb, Irf3, Crebbp, Rela, Nfkb2, Ddx58
6,MRNA_SPLICING,3.07517238815213e-05,0.000931337923268932,0.557332238758646,-0.42613331085454,-1.76632048210342,184,Srsf2, Srrt, Srsf6, Hnrnpu, Sf3b3, Srrm2, Dhx9, Snrnp70, Hnrnpm, U2af2, Srsf7, Hnrnpa2b1, Sf1, Hnrnph1, Alyref, Cd2bp2, Srsf1, Eftud2, Cherp, Puf60, Pcbp1, Hnrnpl, Prpf3, Txnl4a, Cpsf7, Pabpn1, Tfip11, Cstf2t, Sf3b4, Polr2a, Fus, Xab2, Tra2b, Ctnnbl1, Isy1, Srsf3, Polr2j, Ppih, Srsf9, Gtf2f1, Sf3a2, Polr2f, Srsf5, Ncbp2, Polr2l, Dhx38, Snrnp40, Ppil1, Prpf31, Phf5a, Rbm8a, Cstf3, Wbp11, Rbmx, Hnrnpa0, Ppil4, Sympk, U2af1l4, Sf3a3, Snrpb, Srsf4, Zmat5, Ddx46, Ddx5, Rnps1, Magoh, Dhx16, U2af1, Prcc, Snrpd3, Smndc1, Casc3, Ncbp1, Gcfc2, Srrm1
7,PROCESSING_OF_CAPPED_INTRON_CONTAINING_PRE_MRNA,0.00027265835163194,0.00700649339951168,0.49849310876659,-0.377343449266366,-1.60593079553588,235,Srsf2, Srrt, Srsf6, Hnrnpu, Sf3b3, Srrm2, Dhx9, Snrnp70, Nup85, Ddx39b, Hnrnpm, U2af2, Srsf7, Hnrnpa2b1, Sf1, Nup214, Hnrnph1, Alyref, Cd2bp2, Srsf1, Nxf1, Eftud2, Cherp, Puf60, Pcbp1, Hnrnpl, Nup210, Prpf3, Txnl4a, Cpsf7, Pabpn1, Pom121, Slbp, Tfip11, Cstf2t, Sf3b4, Polr2a, Fus, Xab2, Tra2b, Nup155, Ctnnbl1, Isy1, Thoc3, Srsf3, Polr2j, Ppih, Srsf9, Gtf2f1, Sf3a2, Rae1, Polr2f, Srsf5, Ncbp2, Polr2l, Dhx38, Mettl3, Aaas, Snrnp40, Ppil1, Prpf31, Phf5a, Rbm8a, Cstf3, Wbp11, Rbmx, Hnrnpa0, Ppil4, Sympk, U2af1l4, Sf3a3, Snrpb, Srsf4, Zmat5, Ddx46, Ddx5, Thoc1, Rnps1, Magoh, Dhx16, Tpr, U2af1, Prcc, Snrpd3, Smndc1
8,CYTOKINE_SIGNALING_IN_IMMUNE_SYSTEM,4.22653194949284e-06,0.000155830395355214,0.610526878385931,-0.32545335509884,-1.50131253760762,672,Oas3, Xaf1, Gbp7, Gbp2, Irf7, Uba7, Trim25, Eif2ak2, Il3, Herc6, Adar, Gbp5, Tnfsf11, Gbp9, Lama5, Dusp2, Usp18, Irf9, Isg15, Mx2, Ptpn7, Il1r2, Tnfsf4, Ccl5, Trim34a, Ptpn13, Rasgrp1, Egfr, Gbp3, Tnfsf8, Trim12c, Stat4, H2-T23, Actb, Dusp5, Il2rg, Dlg2, Gata3, Cd27, Rps6ka1, Il12rb2, Sp100, Casp3, Psmb10, Oasl1, Irf5, Rapgef1, Rsad2, Fasl, Ifi35, Trim8, Tnfrsf9, Il13, B2m, Flnb, Psmb9, Casp1, Bst2, Eif4g3, Rasal3, Trim14, Ifnar1, Eif4g1, Tnf, Trp53, Pde3b, Lgals9, Isg20, Anxa1, Nup85, Msn, Hras, Nfkb1, Itgb1, Pik3cd, Irak2, Itgb3, H2-Eb1, Rasal1, Ksr1, Ifngr1, Psme2, Il4ra, Egr1, Flna, Ifit2, Ifitm2, Ptpn1, Ifit3, Psme1, Irak1, Stat2, Twist1, Dusp10, Trim21, Hnrnpa2b1, Myc, Calm1, Cd80, F13a1, Ptpn6, Ywhab, Nup214, Ifit1bl1, Mapk14, Dab2ip, Ikbkb, Il18, Il21r, Cd40lg, Psmc4, Psmb8, Irf3, Il2, Ltb, Hsp90aa1, Ptpn11, Ifitm3, Tyk2, Ccl3, Spta1, Inppl1, Il1rl2, Irf1, Il10rb, Il15ra, Rela, Tln1, Psme3, Oas2, Psmd7, Nfkb2
9,POST_TRANSLATIONAL_PROTEIN_MODIFICATION,0.000137506581268914,0.00376147035213029,0.518848077743792,0.289520441661203,1.34368847446839,1087,Timp1, Furin, Rora, Vdr, Npm1, Socs3, Gcnt1, Eef1a1, Uba1, Rab6a, St8sia4, Galnt6, Sec23a, Calu, Lamc1, Arrb1, Tubb2b, P4hb, Uap1, Dctn4, Cops2, Rps2, Psmc6, Tnip2, B4galt4, Obsl1, Golgb1, Copb1, Rara, Igfbp4, Birc2, C3, Eef2, Vdac1, Tgfbr1, Rps27a, Chm, Cnih1, Lman1, Rab2a, Cog6, Nup98, Ripk2, Copb2, Sec24d, Igfbp7, Seh1l, Stag2, Derl1, Nfkbia, Gfpt2, Arfgap3, Psme4, Rpn2, Canx, Kdelr2, Hltf, Golga2, Arcn1, Smc1a, Tgoln1, Tfg, Rab34, Rnf181, Pex13, Ube2w, Cmas, Copg2, Magt1, Tmed3, Usp3, Dnajc3, Traf6, Cul2, Uba52, Rad52, Edem1, Uba3, Asb7, Pdia6, Tnfaip3, Fbxo30, Stt3a, Psmd8, Usp11, Cog5, Cul4b, Rab27a, Park7, Uimc1, Ube2q2, Wdr48, Tomm20, Pigx, Ranbp2, Sec22b, Cops4, Arf4, Traf3, Smurf2, Spsb1, Uhrf2, Actr10, Thra, Rad21, B4galt1, Kdelr3, Cpm, Mcfd2, Bet1, St8sia1, Ccna2, Nicn1, Vdac2, Parp1, Mysm1, Top2a, Phc3, Ly6e, Fbxl5, Smad3, Zfp131, Asxl2, Ubxn7, Eif5a2, Asb3, Klhl9, Xrcc4, Arf1, Piga, Zranb1, Usp9x, Rbbp5, Nup205, Usp22, Pias1, Commd8, Tomm70a, Mlec, Pofut2, Capza1, Tubb6, Cul7, Ube2d3, Birc3, Edem3, Fbxo21, Btbd1, Fbxo10, Eef2kmt, Sec13, Dync1i2, Cbx5, Ube2f, Pgm3, Asxl1, Rhot1, St6galnac6, Nae1, Fbxl20, Scfd1, Stam, Fstl3, Rad23b, Napg, Fn3krp, Ktn1, B3gnt9, Sec22a, Uchl5, Usp33, Rab9, Rnf7, Vdac3, Sel1l, Gfpt1, Fbxo32, Rabggtb, Psmd14, Vwa1, Rab42, Fbxw11, Smc5, Alg2, Hnrnpc, Amfr, Rab39b, Hsp90b1, Alg9, Rraga, Capza2, Kdelr1, Btrc, Dph6, Rab3d, Smad4, Dcaf4, Nub1, Pign, Ide, Klhl22, Ddb2, Nupl1, Fbxl8, Top2b, B4galt2, Fbxl4, Gosr1, Cand1, Hif1a, Golm1, Tmed7, Galnt12, Rad18, Trim13, Rnf2, Dcaf6, Hspa8, Mdm4, St6gal1, Uchl3, Actr8, Sp3, Alg14, C1galt1, Kbtbd13, Glb1, Vhl, Foxo4, Copz1, Dcun1d5, Hdac4
10,DEVELOPMENTAL_BIOLOGY,2.2916282020981e-05,0.000719741005695996,0.575610261071129,0.329642547661439,1.48467043284894,655,Furin, Rbpj, Prnp, Sema6d, Fes, St8sia4, Rpl22l1, Rps15a, Lamc1, Rpl5, Rpl22, Rps6ka3, Tubb2b, Gap43, Vldlr, Rpl4, Rpl14, Rps25, Rpl3, Rpl7, Tgm1, Rpl10, Rps2, Rpl17, Psmc6, Rps24, Rps20, Rpl8, Rpl39, Rpl23, Rpl9, Rara, Ccnd3, Rps23, Rpl12, Rpl35a, Rps26, Rps4x, Rps6, Rps12, Rplp2, Rps17, Cd24a, Rpl24, Rpsa, Rps27a, Rps3a1, Rps3, Il6ra, Klk8, Rpl6, Rps7, Stat3, Ranbp9, Rps15, Rpl7a, Rps21, Maml2, Psme4, Pkp2, Rpl36, Pik3r1, Cdk19, Rpl13, Rpl11, Rpl35, Rplp1, Enah, Arhgef11, Rpl21, Rpl32, Rps16, Rps13, Rps5, Rps18, Sdcbp, Arhgap39, Foxo1, Rps8, Rps19, Myh11, Cul2, Uba52, Rpl10a, Rras, Rpl18a, Hsp90ab1, Pfn2, Ablim1, Rps11, Rps10, Psmd8, Clasp2, Csnk2a1, Fau, Cacna1g, Tbl1xr1, Cdon, Rpl36a, Clta, Rpl19, Med14, Gfra1, Rpl38, Rps9, Rdx, Rpl13a, Rpl37, Ablim2, Rplp0, Rpl15, Rpl28, Ppp3cb, Smad3, Rpl31, Runx1, Plcg1, Rpl27a, Ptk2, Pabpc1, Rbbp5, Med13l, Arpc2, Rpl37a, Tubb6, Actr3, Ptpra, Rpl29, Aph1b, Gab2, Rock1, Acvr1b, Trio, Dlg3, Gck, Rpl18, Ccnc, Rps14, Rpl23a
11,DISEASE,6.59150637958891e-08,3.2879984764067e-06,0.704975715167238,0.326338288096101,1.51714164551902,1115,Furin, Rbpj, Stra6, Lmna, Nt5e, Npm1, Slc11a2, Cyfip2, Rpl22l1, Stat5b, Gnb5, Stat5a, Gpr15, Ramp1, Rps15a, Rpl5, Gbe1, Rpl22, Arrb1, Il1r1, Tubb2b, Cysltr1, Slc3a2, Rpl4, Rpl14, Rps25, Rpl3, Rpl7, Slc37a4, Rpl10, Rps2, Rpl17, Psmc6, Cysltr2, Rps24, Ppp1cb, Rps20, S1pr1, Rpl8, Rpl39, Bsg, Rpl23, Rpl9, Ccnd3, Rps23, Rpl12, Rpl35a, Rps26, C3, Rps4x, Eef2, Rps6, Rps12, Ipo5, Rplp2, Rps17, Tgfbr1, Rpl24, Rpsa, Rps27a, Ywhae, Grsf1, Rps3a1, Pgk1, Rb1, Fam114a2, Rps3, Il6ra, Csnk1a1, Nup98, Impdh2, Rpl6, Papss1, Rps7, Stat3, Rps15, Rpl7a, Seh1l, Chmp4b, Rps21, Maml2, Derl1, Nfkbia, Plcg2, Psme4, Canx, Cyp1b1, Slc25a5, Rpl36, Golga2, Pik3r1, Rpl13, Camk4, Rpl11, Rpl35, Rplp1, Ahcyl1, Gipr, Cyp11a1, Vps37a, Rpl21, Rpl32, Rps16, Rps13, Abi2, Rps5, Rps18, Gys1, Foxo1, Nckap1, Dnajc3, Rps8, Rps19, Kpna1, Uba52, Rpl10a, Rpl18a, Hsp90ab1, Rps11, Rps10, Vps28, Psmd8, Tubb5, Pdgfb, Sugt1, Lrp6, Wdr48, Plk2, Adora2b, Fau, Gnai3, Ranbp2, Fzd7, Slc2a1, Tbl1xr1, Crbn, Rpl36a, Traf3, Clta, Slc35a2, Rpl19, Rnmt, Tcea1, Parp16, Rpl38, Chmp2b, Cdkn1b, Spred2, Rps9, B4galt1, Xpo1, Pgm1, Kit, Rictor, Rpl13a, Snd1, Rpl37, Parp1, Fxr1, Kdm7a, Rplp0, Rpl15, Rpl28, Fdxr, Smad3, Rpl31, Pebp1, Xrcc4, Plcg1, Prkar1b, Rpl27a, Ptk2, Arf1, Epm2a, Hexb, Sdc4, Nup205, Akap9, Itpr2, Nmt2, Arpc2, Rpl37a, Vcl, Ppp2r5c, Tubb6, Gngt2, Gtf2e2, Actr3, Rpl29, Parp6, Slc25a4, Mnat1, Aph1b, Gnai2, Nckipsd, Entpd5, Gyg, Gss, Gab2, Rock1, Nmt1, Gck, Rpl18, Ccnc, Sec13, Rps14, Cd247, Rpl23a, Dync1i2, Anapc16, Slc9a6, Idh1, Akt3, Crk, Stam, Ppp1cc, Cdk8, Cspg5, Pcx, Fgfr1op2, Gnb1, Ppp1r3c, Spred1, Rpl27, Golga4, Myd88, Cast, Eed, Pik3ca, Cd86, Hey1, Ahcy, Avpr1a, Abcc9, Ctsl, Mapk8, Sel1l, Gfpt1, Slc35a3, Psmd14, Ext2, Alg2, Mtor, Galk1, Gng10, Alg9, Nos2, Cdc25c, Hdac11, Btrc, Vegfa, Tfdp2, Smad4, Ext1, Slc4a4, Brk1, Ppp2ca, Cdc16, Nupl1, Rpl36al, Entpd1, Rngtt, Galnt12, Tlr2, Cubn, Ap2a2, Dusp9, Shoc2, Rps29, Rdh12, Rps28, Map2k6, P2rx4, Abl1, St6gal1, Map2k1, Gng5, Tsg101, Cdc42, Grb2, Alg14, C1galt1, Ran, Glb1, Vhl, Foxo4, Abi1, Dusp7, Hdac4, Vps4a, Chmp2a, Gng3, Ccr5, Dpm3, Rangap1, Rhog, Porcn, Hdac6, Vta1, Chmp3, Sdc3, Gnas, Gnaz, Tnks, Rac2, Bag4
12,INFECTIOUS_DISEASE,2.24036174310838e-07,1.05545931008661e-05,0.690132458796796,0.369486731292634,1.65418872695378,608,Furin, Nt5e, Npm1, Cyfip2, Rpl22l1, Gnb5, Gpr15, Ramp1, Rps15a, Rpl5, Rpl22, Il1r1, Tubb2b, Cysltr1, Rpl4, Rpl14, Rps25, Rpl3, Rpl7, Rpl10, Rps2, Rpl17, Psmc6, Cysltr2, Rps24, Rps20, S1pr1, Rpl8, Rpl39, Rpl23, Rpl9, Rps23, Rpl12, Rpl35a, Rps26, C3, Rps4x, Eef2, Rps6, Rps12, Ipo5, Rplp2, Rps17, Rpl24, Rpsa, Rps27a, Grsf1, Rps3a1, Pgk1, Rb1, Rps3, Il6ra, Nup98, Impdh2, Rpl6, Rps7, Rps15, Rpl7a, Seh1l, Chmp4b, Rps21, Plcg2, Psme4, Canx, Slc25a5, Rpl36, Rpl13, Rpl11, Rpl35, Rplp1, Ahcyl1, Gipr, Vps37a, Rpl21, Rpl32, Rps16, Rps13, Abi2, Rps5, Rps18, Nckap1, Dnajc3, Rps8, Rps19, Kpna1, Uba52, Rpl10a, Rpl18a, Hsp90ab1, Rps11, Rps10, Vps28, Psmd8, Tubb5, Sugt1, Plk2, Adora2b, Fau, Gnai3, Ranbp2, Fzd7, Tbl1xr1, Crbn, Rpl36a, Clta, Rpl19, Rnmt, Tcea1, Parp16, Rpl38, Chmp2b, Rps9, Xpo1, Rpl13a, Rpl37, Parp1, Rplp0, Rpl15, Rpl28, Rpl31, Xrcc4, Plcg1, Prkar1b, Rpl27a, Ptk2, Arf1, Nup205, Itpr2, Nmt2, Arpc2, Rpl37a, Tubb6, Gngt2, Gtf2e2, Actr3, Rpl29, Parp6, Slc25a4, Mnat1, Gnai2, Nckipsd, Entpd5, Rock1, Nmt1, Rpl18, Sec13, Rps14, Cd247, Rpl23a, Dync1i2
13,SIGNALING_BY_INTERLEUKINS,2.09298463415476e-06,8.45167128458683e-05,0.627256739718528,0.393868561343015,1.69081558551008,361,Timp1, Il17a, Il17f, Rora, Il22, Rorc, Il23r, Socs3, Dusp4, Vim, Zeb1, Mapkapk2, Ptpn2, Stat5b, Il24, Stat5a, Lif, Il2ra, Il21, Il7r, Il1r1, Rps6ka3, Lbp, P4hb, Il1rn, Tcp1, Psmc6, Tnip2, Il6st, S1pr1, Ptpn5, Pdcd4, Tec, Rps27a, Rala, Il6ra, Ripk2, Stat3, Nfkbia, Psme4, Ptpn14, Canx, Pik3r1, Il18r1, Ccl20, Il17re, Osm, Foxo1, Traf6, Mapk9, Uba52, Irf4, Psmd8, Ebi3, Hspa9, Dusp3
14,NERVOUS_SYSTEM_DEVELOPMENT,7.85745922972656e-07,3.33156271340406e-05,0.659444398037935,0.388608295440655,1.70459069369462,450,Prnp, Sema6d, Fes, St8sia4, Rpl22l1, Rps15a, Lamc1, Rpl5, Rpl22, Rps6ka3, Tubb2b, Gap43, Vldlr, Rpl4, Rpl14, Rps25, Rpl3, Rpl7, Rpl10, Rps2, Rpl17, Psmc6, Rps24, Rps20, Rpl8, Rpl39, Rpl23, Rpl9, Rps23, Rpl12, Rpl35a, Rps26, Rps4x, Rps6, Rps12, Rplp2, Rps17, Cd24a, Rpl24, Rpsa, Rps27a, Rps3a1, Rps3, Rpl6, Rps7, Ranbp9, Rps15, Rpl7a, Rps21, Psme4, Rpl36, Pik3r1, Rpl13, Rpl11, Rpl35, Rplp1, Enah, Arhgef11, Rpl21, Rpl32, Rps16, Rps13, Rps5, Rps18, Sdcbp, Arhgap39, Rps8, Rps19, Myh11, Cul2, Uba52, Rpl10a, Rras, Rpl18a, Hsp90ab1, Pfn2, Ablim1, Rps11, Rps10, Psmd8, Clasp2, Csnk2a1, Fau, Cacna1g, Rpl36a, Clta, Rpl19, Gfra1, Rpl38, Rps9, Rdx, Rpl13a, Rpl37, Ablim2, Rplp0, Rpl15, Rpl28, Ppp3cb, Rpl31, Plcg1, Rpl27a, Ptk2, Pabpc1, Arpc2, Rpl37a, Tubb6, Actr3, Ptpra, Rpl29, Aph1b, Gab2, Rock1, Trio, Dlg3, Rpl18, Rps14, Rpl23a
15,RESPIRATORY_ELECTRON_TRANSPORT,0.000237023400504554,0.00628112011337067,0.518848077743792,0.520642481989638,1.87691073918208,88,Ndufv2, Cox5a, Cox7a2l, Uqcrc2, Sdhb, Ndufa6, Ndufb5, Cox18, Ndufaf6, Coq10a, Ndufb11, Uqcrfs1, Ndufc2, Ndufaf3, Ndufs2, Cox4i1, Uqcrq, Ndufa10, Ndufb9, Ndufb3, Ndufa9, Ndufs7, Cox7c, Surf1, Ndufb10, Timmdc1, Uqcrh, Ndufb6, Ndufaf5, Ndufs1, Sdha, Sdhc, Nubpl, Sco1, Ndufv3, Uqcrc1, Uqcrb, Ndufv1, Ndufa4, Ndufb4, Lrpprc
16,THE_CITRIC_ACID_TCA_CYCLE_AND_RESPIRATORY_ELECTRON_TRANSPORT,4.78872897841931e-06,0.000169201757237482,0.610526878385931,0.49625908987058,1.92996624853431,151,Pdha1, Me2, Bsg, Vdac1, Aco2, Ndufv2, Pdk1, Cox5a, Mpc1, Cox7a2l, Uqcrc2, Sdhb, Cs, Ndufa6, Atp5c1, Ndufb5, Dld, Atp5b, Idh2, Cox18, Gstz1, Glo1, Ndufaf6, Coq10a, Ndufb11, Uqcrfs1, Idh3g, Atp5d, Ndufc2, Ndufaf3, Ndufs2, Cox4i1, Uqcrq, Idh3b, Ndufa10, Pdk3, Sucla2, Atp5h, Ndufb9, Ndufb3, Ndufa9, Ndufs7, Suclg2, Cox7c, Hagh, Pdp1, Surf1, Ndufb10, Slc16a1, Timmdc1, Uqcrh, Atp5g2, Ndufb6, Ndufaf5, Ndufs1, Sdha, Rxra, Sdhc, Nubpl, Sco1, Ndufv3, Idh3a, Uqcrc1, Uqcrb, Ndufv1, Pdhb, Me1, Ndufa4, Ndufb4, Suclg1, Lrpprc
17,CELLULAR_RESPONSES_TO_EXTERNAL_STIMULI,1e-10,6.05714285714286e-09,NA,0.436568491947865,1.93146380623746,479,Asns, Egln3, Mapkapk2, Mt2, Eif2s2, Mt1, Eef1a1, Rpl22l1, Ets1, Cdkn2d, Atf4, Rps15a, Rpl5, Rpl22, Rragd, Rps6ka3, Tubb2b, P4hb, Rpl4, Rpl14, Rps25, Dctn4, Rpl3, Rpl7, Rpl10, Rps2, Rpl17, Psmc6, Rps24, Rps20, Rpl8, Rpl39, Rpl23, Rpl9, Rps23, Rpl12, Rpl35a, Rps26, Rps4x, Rps6, Rps12, Ddit3, Rplp2, Rps17, Rpl24, Rpsa, Rps27a, Ywhae, Prdx6, Rps3a1, Rb1, Rps3, Nup98, Rpl6, Rps7, Stat3, Rps15, Rpl7a, Igfbp7, Seh1l, Rps21, Psme4, Atr, Rpl36, Rpl13, Rpl11, Rpl35, Rplp1, Rpl21, Atp7a, Rpl32, Rps16, Rps13, Ptges3, Rps5, Rps18, Trib3, Rps8, Rps19, Mapk9, Cul2, Uba52, Rpl10a, Rpl18a, Hsp90ab1, Rps11, Rps10, Map4k4, Psmd8, Cebpg, Hspa9, Egln1, Fau, Ranbp2, Sp1, Rpl36a, Higd1a, Rpl19, Actr10, Rpl38, Cdkn1b, Rps9, Eif2s3x, Rpl13a, Ccna2, Rpl37, Rheb, Sod1, Rplp0, Rpl15, Pot1a, Rpl28, Phc3, Car9, Rpl31, Hspa14, Rpl27a, Id1, Nup205, Rpl37a, Capza1, Tubb6, Atp6v1g1, Rpl29, Ube2d3, Rpl18, Sec13, Rps14, Rpl23a, Dync1i2, Tinf2, Anapc16, Sh3bp4, Rpl27, Rps6ka2, Hspa4l, Eed, Mapk8, Psmd14, Mtor, Rraga, Nbn, Capza2, Vegfa, Tfdp2, Cdc16, Dnajc2, Nupl1, Rpl36al, Hif1a, Rnf2, Hspa8, Mdm4, Rps29, Rps28, Map2k6
18,INTERLEUKIN_4_AND_INTERLEUKIN_13_SIGNALING,1.8977341205372e-05,0.000618953282390593,0.575610261071129,0.559871793840673,1.97764032372375,82,Timp1, Il17a, Il17f, Rora, Rorc, Il23r, Socs3, Vim, Zeb1, Lif, Lbp, S1pr1, Il6ra, Stat3, Pik3r1, Osm, Foxo1, Irf4
19,TRNA_AMINOACYLATION,3.60771691486905e-05,0.00105494618752033,0.557332238758646,0.671595663753062,2.09142727506281,41,Sars, Eprs, Nars, Gars, Qars, Lars, Cars, Yars, Aimp1, Iars, Tars, Dars, Aars, Farsb, Nars2
20,RRNA_PROCESSING,1e-10,6.05714285714286e-09,NA,0.574536125652057,2.28444378565567,186,Rpl22l1, Utp14a, Hsd17b10, Rps15a, Rpl5, Rpl22, Rpl4, Rpl14, Rps25, Rpl3, Rpl7, Rpl10, Rps2, Rpl17, Rps24, Rps20, Rpl8, Rpl39, Rpl23, Rpl9, Rps23, Rpl12, Rpl35a, Rps26, Rps4x, Rps6, Rps12, Rplp2, Rps17, Rpl24, Rpsa, Rps27a, Rps3a1, Rps3, Rpl6, Rps7, Rps15, Rpl7a, Rps21, Rpl36, Rpl13, Rpl11, Rpl35, Rplp1, Rpl21, Mphosph6, Rpl32, Rps16, Rps13, Rps5, Rps18, Rps8, Rps19, Riok3, Uba52, Rpl10a, Rpl18a, Rps11, Rps10, Fau, Rpl36a, Rpl19, Rpl38, Rps9, Rpl13a, Rpl37, Rplp0, Rpl15, Rpl28, Ncl, Rpl31, Rpl27a, Ddx52, Rpl37a, Rpl29, Rpl18, Rps14, Rpl23a, Utp3
21,CYTOSOLIC_TRNA_AMINOACYLATION,4.49994922240574e-07,2.00839838978951e-05,0.674962860011025,0.837121035770187,2.2928239313631,23,Sars, Eprs, Nars, Gars, Qars, Lars, Cars, Yars, Aimp1, Iars, Tars, Dars, Aars, Farsb
22,SIGNALING_BY_ROBO_RECEPTORS,1e-10,6.05714285714286e-09,NA,0.574144806854349,2.29391605289006,191,Rpl22l1, Rps15a, Rpl5, Rpl22, Rpl4, Rpl14, Rps25, Rpl3, Rpl7, Rpl10, Rps2, Rpl17, Psmc6, Rps24, Rps20, Rpl8, Rpl39, Rpl23, Rpl9, Rps23, Rpl12, Rpl35a, Rps26, Rps4x, Rps6, Rps12, Rplp2, Rps17, Rpl24, Rpsa, Rps27a, Rps3a1, Rps3, Rpl6, Rps7, Rps15, Rpl7a, Rps21, Psme4, Rpl36, Rpl13, Rpl11, Rpl35, Rplp1, Enah, Rpl21, Rpl32, Rps16, Rps13, Rps5, Rps18, Arhgap39, Rps8, Rps19, Cul2, Uba52, Rpl10a, Rpl18a, Pfn2, Rps11, Rps10, Psmd8, Clasp2, Fau, Rpl36a, Rpl19, Rpl38, Rps9, Rpl13a, Rpl37, Rplp0, Rpl15, Rpl28, Ppp3cb, Rpl31, Rpl27a, Pabpc1, Rpl37a, Rpl29
23,REGULATION_OF_EXPRESSION_OF_SLITS_AND_ROBOS,1e-10,6.05714285714286e-09,NA,0.652927463092694,2.53513413127384,153,Rpl22l1, Rps15a, Rpl5, Rpl22, Rpl4, Rpl14, Rps25, Rpl3, Rpl7, Rpl10, Rps2, Rpl17, Psmc6, Rps24, Rps20, Rpl8, Rpl39, Rpl23, Rpl9, Rps23, Rpl12, Rpl35a, Rps26, Rps4x, Rps6, Rps12, Rplp2, Rps17, Rpl24, Rpsa, Rps27a, Rps3a1, Rps3, Rpl6, Rps7, Rps15, Rpl7a, Rps21, Psme4, Rpl36, Rpl13, Rpl11, Rpl35, Rplp1, Rpl21, Rpl32, Rps16, Rps13, Rps5, Rps18, Rps8, Rps19, Cul2, Uba52, Rpl10a, Rpl18a, Rps11, Rps10, Psmd8, Fau, Rpl36a, Rpl19, Rpl38, Rps9, Rpl13a, Rpl37, Rplp0, Rpl15, Rpl28, Rpl31, Rpl27a, Pabpc1, Rpl37a, Rpl29, Rpl18, Rps14, Rpl23a
24,METABOLISM_OF_AMINO_ACIDS_AND_DERIVATIVES,1e-10,6.05714285714286e-09,NA,0.609866965899047,2.55551321953147,284,Gatm, Asns, Iyd, Rpl22l1, Sars, Eprs, Hsd17b10, Pdha1, Rps15a, Rpl5, Psat1, Rpl22, Slc3a2, Rpl4, Rpl14, Rps25, Rpl3, Rpl7, Rpl10, Rps2, Rpl17, Psmc6, Rps24, Rps20, Slc7a5, Rpl8, Rpl39, Rpl23, Rpl9, Rps23, Pycr1, Rpl12, Rpl35a, Got1, Rps26, Rps4x, Rps6, Rps12, Rplp2, Rps17, Rpl24, Rpsa, Rps27a, Aldh18a1, Qars, Rps3a1, Lars, Rps3, Rpl6, Papss1, Rps7, Rps15, Rpl7a, Gpt2, Aimp1, Smox, Rps21, Psme4, Iars, Rpl36, Rpl13, Rpl11, Rpl35, Rplp1, Slc44a1, Dars, Rpl21, Psph, Rpl32, Rps16, Rps13, Rps5, Rps18, Rps8, Rps19, Uba52, Rpl10a, Rpl18a, Rps11, Serinc1, Rps10, Psmd8, Fau, Hibch, Rpl36a, Acat1, Rpl19, Rpl38, Rps9, Dld, Asrgl1, Cth, Rpl13a, Bcat1, Haao, Rpl37, Rplp0, Rpl15, Rpl28, Gls2, Gstz1, Serinc5, Rpl31, Rpl27a, Mri1, Sat1, Rpl37a, Phgdh, Rpl29, Kars, Mpst, Rpl18, Rps14, Rpl23a
25,INFLUENZA_INFECTION,1e-10,6.05714285714286e-09,NA,0.687952529688068,2.65747317069481,146,Rpl22l1, Rps15a, Rpl5, Rpl22, Rpl4, Rpl14, Rps25, Rpl3, Rpl7, Rpl10, Rps2, Rpl17, Rps24, Rps20, Rpl8, Rpl39, Rpl23, Rpl9, Rps23, Rpl12, Rpl35a, Rps26, Rps4x, Rps6, Rps12, Ipo5, Rplp2, Rps17, Rpl24, Rpsa, Rps27a, Grsf1, Rps3a1, Rps3, Nup98, Rpl6, Rps7, Rps15, Rpl7a, Seh1l, Rps21, Canx, Rpl36, Rpl13, Rpl11, Rpl35, Rplp1, Rpl21, Rpl32, Rps16, Rps13, Rps5, Rps18, Dnajc3, Rps8, Rps19, Kpna1, Uba52, Rpl10a, Rpl18a, Rps11, Rps10, Fau, Ranbp2, Rpl36a, Clta, Rpl19, Rpl38, Rps9, Xpo1, Rpl13a, Rpl37, Parp1, Rplp0, Rpl15, Rpl28, Rpl31, Rpl27a, Nup205, Rpl37a, Rpl29, Rpl18, Sec13, Rps14, Rpl23a
26,ACTIVATION_OF_THE_MRNA_UPON_BINDING_OF_THE_CAP_BINDING_COMPLEX_AND_EIFS_AND_SUBSEQUENT_BINDING_TO_43S,1e-10,6.05714285714286e-09,NA,0.80553196875032,2.68830741005687,57,Eif2s2, Eif4ebp1, Rps15a, Eif3c, Eif4a2, Rps25, Rps2, Eif3a, Rps24, Rps20, Rps23, Rps26, Rps4x, Rps6, Rps12, Rps17, Rpsa, Rps27a, Rps3a1, Rps3, Rps7, Eif3e, Rps15, Rps21, Rps16, Rps13, Eif3h, Rps5, Rps18, Eif4b, Eif3m, Rps8, Rps19, Rps11, Rps10, Fau, Eif4e, Rps9, Eif2s3x, Pabpc1, Eif3d, Eif3i, Rps14
27,TRANSLATION,1e-10,6.05714285714286e-09,NA,0.663279189084215,2.7704465446493,282,Eif2s2, Eef1a1, Eif4ebp1, Ssr3, Spcs3, Rpl22l1, Sars, Eprs, Eef1g, Rps15a, Rpl5, Rpl22, Eif3c, Nars, Eif4a2, Gars, Rpl4, Rpl14, Rps25, Rpl3, Rpl7, Rpl10, Rps2, Rpl17, Eif3a, Rps24, Rps20, Rpl8, Rpl39, Rpl23, Rpl9, Rps23, Rpl12, Rpl35a, Rps26, Rps4x, Eef2, Rps6, Rps12, Rplp2, Rps17, Rpl24, Rpsa, Rps27a, Qars, Rps3a1, Lars, Cars, Rps3, Ssr1, Rpl6, Yars, Rps7, Eif3e, Rps15, Rpl7a, Eef1b2, Aimp1, Rps21, Rpn2, Iars, Tars, Rpl36, Rpl13, Rpl11, Rpl35, Rplp1, Dars, Rpl21, Rpl32, Rps16, Aars, Rps13, Eif3h, Rps5, Farsb, Rps18, Eif4b, Eif3m, Rps8, Rps19, Uba52, Rpl10a, Rpl18a, Rps11, Rps10, Dap3, Sec61a1, Nars2, Ssr4, Fau, Eif4e, Rpl36a, Rpl19, Srp72, Rpl38, Rps9, Eif2s3x, Rpl13a, Rpl37, Rplp0, Rpl15, Rpl28, Rpl31, Rpl27a, Pabpc1, Eif3d, Rpl37a, Rpl29, Srprb, Eif3i, Kars, Mrpl48, Rpl18, Rps14, Rpl23a, Oxa1l, Eef1d, Mrps35, Rpl27, Mrpl52
28,NONSENSE_MEDIATED_DECAY_NMD_,1e-10,6.05714285714286e-09,NA,0.771344376127871,2.86988488906781,109,Rpl22l1, Rps15a, Rpl5, Rpl22, Rpl4, Rpl14, Rps25, Rpl3, Rpl7, Rpl10, Rps2, Rpl17, Rps24, Rps20, Rpl8, Rpl39, Rpl23, Rpl9, Rps23, Rpl12, Rpl35a, Rps26, Rps4x, Rps6, Rps12, Rplp2, Rps17, Rpl24, Rpsa, Rps27a, Rps3a1, Rps3, Rpl6, Rps7, Rps15, Rpl7a, Rps21, Rpl36, Rpl13, Rpl11, Rpl35, Rplp1, Rpl21, Rpl32, Rps16, Rps13, Rps5, Rps18, Rps8, Rps19, Pnrc2, Uba52, Rpl10a, Rpl18a, Rps11, Rps10, Fau, Rpl36a, Rpl19, Rpl38, Rps9, Rpl13a, Rpl37, Rplp0, Rpl15, Rpl28, Rpl31, Rpl27a, Pabpc1, Rpl37a, Rpl29, Rpl18, Rps14, Rpl23a
29,SELENOAMINO_ACID_METABOLISM,1e-10,6.05714285714286e-09,NA,0.822723335172157,3.03787181486075,105,Rpl22l1, Sars, Eprs, Rps15a, Rpl5, Rpl22, Rpl4, Rpl14, Rps25, Rpl3, Rpl7, Rpl10, Rps2, Rpl17, Rps24, Rps20, Rpl8, Rpl39, Rpl23, Rpl9, Rps23, Rpl12, Rpl35a, Rps26, Rps4x, Rps6, Rps12, Rplp2, Rps17, Rpl24, Rpsa, Rps27a, Qars, Rps3a1, Lars, Rps3, Rpl6, Papss1, Rps7, Rps15, Rpl7a, Aimp1, Rps21, Iars, Rpl36, Rpl13, Rpl11, Rpl35, Rplp1, Dars, Rpl21, Rpl32, Rps16, Rps13, Rps5, Rps18, Rps8, Rps19, Uba52, Rpl10a, Rpl18a, Rps11, Rps10, Fau, Rpl36a, Rpl19, Rpl38, Rps9, Cth, Rpl13a, Rpl37, Rplp0, Rpl15, Rpl28, Rpl31, Rpl27a, Rpl37a, Rpl29, Kars, Rpl18, Rps14, Rpl23a
30,SRP_DEPENDENT_COTRANSLATIONAL_PROTEIN_TARGETING_TO_MEMBRANE,1e-10,6.05714285714286e-09,NA,0.820658260948988,3.04059538396698,106,Ssr3, Spcs3, Rpl22l1, Rps15a, Rpl5, Rpl22, Rpl4, Rpl14, Rps25, Rpl3, Rpl7, Rpl10, Rps2, Rpl17, Rps24, Rps20, Rpl8, Rpl39, Rpl23, Rpl9, Rps23, Rpl12, Rpl35a, Rps26, Rps4x, Rps6, Rps12, Rplp2, Rps17, Rpl24, Rpsa, Rps27a, Rps3a1, Rps3, Ssr1, Rpl6, Rps7, Rps15, Rpl7a, Rps21, Rpn2, Rpl36, Rpl13, Rpl11, Rpl35, Rplp1, Rpl21, Rpl32, Rps16, Rps13, Rps5, Rps18, Rps8, Rps19, Uba52, Rpl10a, Rpl18a, Rps11, Rps10, Sec61a1, Ssr4, Fau, Rpl36a, Rpl19, Srp72, Rpl38, Rps9, Rpl13a, Rpl37, Rplp0, Rpl15, Rpl28, Rpl31, Rpl27a, Rpl37a, Rpl29, Srprb, Rpl18, Rps14, Rpl23a
31,EUKARYOTIC_TRANSLATION_INITIATION,1e-10,6.05714285714286e-09,NA,0.818889278906466,3.04673337945951,112,Eif2s2, Eif4ebp1, Rpl22l1, Rps15a, Rpl5, Rpl22, Eif3c, Eif4a2, Rpl4, Rpl14, Rps25, Rpl3, Rpl7, Rpl10, Rps2, Rpl17, Eif3a, Rps24, Rps20, Rpl8, Rpl39, Rpl23, Rpl9, Rps23, Rpl12, Rpl35a, Rps26, Rps4x, Rps6, Rps12, Rplp2, Rps17, Rpl24, Rpsa, Rps27a, Rps3a1, Rps3, Rpl6, Rps7, Eif3e, Rps15, Rpl7a, Rps21, Rpl36, Rpl13, Rpl11, Rpl35, Rplp1, Rpl21, Rpl32, Rps16, Rps13, Eif3h, Rps5, Rps18, Eif4b, Eif3m, Rps8, Rps19, Uba52, Rpl10a, Rpl18a, Rps11, Rps10, Fau, Eif4e, Rpl36a, Rpl19, Rpl38, Rps9, Eif2s3x, Rpl13a, Rpl37, Rplp0, Rpl15, Rpl28, Rpl31, Rpl27a, Pabpc1, Eif3d, Rpl37a, Rpl29, Eif3i, Rpl18, Rps14, Rpl23a
32,EUKARYOTIC_TRANSLATION_ELONGATION,1e-10,6.05714285714286e-09,NA,0.855377255915735,3.06600796113131,86,Eef1a1, Rpl22l1, Eef1g, Rps15a, Rpl5, Rpl22, Rpl4, Rpl14, Rps25, Rpl3, Rpl7, Rpl10, Rps2, Rpl17, Rps24, Rps20, Rpl8, Rpl39, Rpl23, Rpl9, Rps23, Rpl12, Rpl35a, Rps26, Rps4x, Eef2, Rps6, Rps12, Rplp2, Rps17, Rpl24, Rpsa, Rps27a, Rps3a1, Rps3, Rpl6, Rps7, Rps15, Rpl7a, Eef1b2, Rps21, Rpl36, Rpl13, Rpl11, Rpl35, Rplp1, Rpl21, Rpl32, Rps16, Rps13, Rps5, Rps18, Rps8, Rps19, Uba52, Rpl10a, Rpl18a, Rps11, Rps10, Fau, Rpl36a, Rpl19, Rpl38, Rps9, Rpl13a, Rpl37, Rplp0, Rpl15, Rpl28, Rpl31, Rpl27a, Rpl37a, Rpl29, Rpl18, Rps14, Rpl23a
33,RESPONSE_OF_EIF2AK4_GCN2_TO_AMINO_ACID_DEFICIENCY,1e-10,6.05714285714286e-09,NA,0.842099238368963,3.07299142674984,94,Asns, Eif2s2, Rpl22l1, Atf4, Rps15a, Rpl5, Rpl22, Rpl4, Rpl14, Rps25, Rpl3, Rpl7, Rpl10, Rps2, Rpl17, Rps24, Rps20, Rpl8, Rpl39, Rpl23, Rpl9, Rps23, Rpl12, Rpl35a, Rps26, Rps4x, Rps6, Rps12, Ddit3, Rplp2, Rps17, Rpl24, Rpsa, Rps27a, Rps3a1, Rps3, Rpl6, Rps7, Rps15, Rpl7a, Rps21, Rpl36, Rpl13, Rpl11, Rpl35, Rplp1, Rpl21, Rpl32, Rps16, Rps13, Rps5, Rps18, Trib3, Rps8, Rps19, Uba52, Rpl10a, Rpl18a, Rps11, Rps10, Cebpg, Fau, Rpl36a, Rpl19, Rpl38, Rps9, Eif2s3x, Rpl13a, Rpl37, Rplp0, Rpl15, Rpl28, Rpl31, Rpl27a, Rpl37a, Rpl29, Rpl18, Rps14, Rpl23a
